{"model": "sentence-t5-base", "add_num": 8, "threshold": 0.1106468141078949, "mean": [0.6976228153333334, 0.7032241821289062, 0.7064707279205322, 0.7091871500015259, 0.7109858393669128, 0.7123618125915527, 0.7136052250862122, 0.7145042419433594, 0.7154253125190735], "var": [0.015699476650939268, 0.014400016516447067, 0.013737152330577374, 0.013293017633259296, 0.012989608570933342, 0.012757893651723862, 0.012557551264762878, 0.012397334910929203, 0.012242717668414116], "std": [0.12529755245390578, 0.12000007182359695, 0.11720559746026993, 0.11529535055160522, 0.11397196352481842, 0.11295084655284882, 0.11206047981977463, 0.11134331673383713, 0.1106468141078949], "min": [0.47928232, 0.47505080699920654, 0.47323182225227356, 0.4734741449356079, 0.46919727325439453, 0.4684738218784332, 0.4695901870727539, 0.46697211265563965, 0.4678872525691986], "max": [0.9275477, 0.9365659356117249, 0.933394730091095, 0.9297828674316406, 0.9294251203536987, 0.9299558997154236, 0.9294158220291138, 0.9288474321365356, 0.928805947303772]}
{"model": "sentence-t5-large", "add_num": 8, "threshold": 0.11530065536499023, "mean": [0.709895636226415, 0.7145569324493408, 0.7169793248176575, 0.718894362449646, 0.720299482345581, 0.7212855815887451, 0.7219997048377991, 0.7226601243019104, 0.7232434153556824], "var": [0.017874764572046842, 0.016786247491836548, 0.015843715518712997, 0.015041816979646683, 0.014488660730421543, 0.014073627069592476, 0.013767696917057037, 0.013511336408555508, 0.013294240459799767], "std": [0.13369653911768561, 0.12956175208091736, 0.12587182223796844, 0.12264508754014969, 0.1203688532114029, 0.11863231658935547, 0.11733582615852356, 0.11623827368021011, 0.11530065536499023], "min": [0.46799767, 0.4612100422382355, 0.4565427899360657, 0.46530425548553467, 0.4639282822608948, 0.4673084020614624, 0.4657960534095764, 0.4652561545372009, 0.4667882025241852], "max": [0.99199915, 0.9930052757263184, 0.9932291507720947, 0.9918131828308105, 0.9900438189506531, 0.9874560832977295, 0.9864012002944946, 0.9852187633514404, 0.9850915670394897]}
{"model": "sentence-t5-xl", "add_num": 8, "threshold": 0.13026179373264313, "mean": [0.6423646229629629, 0.645774245262146, 0.6481144428253174, 0.6505172252655029, 0.6524978280067444, 0.6538715958595276, 0.6551042199134827, 0.6562228798866272, 0.6573061943054199], "var": [0.0209750038111654, 0.01959652081131935, 0.0186826940625906, 0.018090808764100075, 0.01769062876701355, 0.017451349645853043, 0.01726887933909893, 0.01713988371193409, 0.0169681366533041], "std": [0.14482749673720596, 0.13998757302761078, 0.13668465614318848, 0.1345020830631256, 0.13300612568855286, 0.1321035623550415, 0.1314111053943634, 0.13091938197612762, 0.13026179373264313], "min": [0.38650784, 0.38469523191452026, 0.3852089047431946, 0.38447827100753784, 0.3868177533149719, 0.385044664144516, 0.38854464888572693, 0.39086270332336426, 0.3916666507720947], "max": [0.9197553, 0.9257807731628418, 0.9240697622299194, 0.9243537187576294, 0.924848198890686, 0.9245338439941406, 0.9245179891586304, 0.9244205951690674, 0.9230605363845825]}
{"model": "sentence-t5-xxl", "add_num": 8, "threshold": 0.12325891107320786, "mean": [0.624707344375, 0.630038857460022, 0.634084165096283, 0.6368434429168701, 0.6392295956611633, 0.6410033106803894, 0.6425200700759888, 0.643641471862793, 0.6446945667266846], "var": [0.0190392921173679, 0.01780463568866253, 0.016833866015076637, 0.0162135511636734, 0.015832485631108284, 0.015558244660496712, 0.015361915342509747, 0.015275223180651665, 0.015192759223282337], "std": [0.13798294139989878, 0.1334340125322342, 0.12974539399147034, 0.12733244895935059, 0.12582720816135406, 0.12473269551992416, 0.12394319474697113, 0.12359297275543213, 0.12325891107320786], "min": [0.38994455, 0.3877958655357361, 0.3904675245285034, 0.392426073551178, 0.3922825753688812, 0.39059069752693176, 0.3905630111694336, 0.3946690559387207, 0.396483838558197], "max": [0.86006314, 0.8694577217102051, 0.8778610229492188, 0.8788792490959167, 0.8732820749282837, 0.8743818998336792, 0.88177490234375, 0.8849050402641296, 0.8841732740402222]}
{"model": "bge-base-en-v1.5", "add_num": 8, "threshold": 0.16491207480430603, "mean": [0.4279084443661972, 0.43363386392593384, 0.43840423226356506, 0.44008082151412964, 0.4409705102443695, 0.44144490361213684, 0.44232991337776184, 0.44315433502197266, 0.44348427653312683], "var": [0.03824224294710444, 0.03560274839401245, 0.03341154754161835, 0.03153470903635025, 0.03024275414645672, 0.029242215678095818, 0.028437728062272072, 0.02781386859714985, 0.027195991948246956], "std": [0.19555623985724527, 0.18868690729141235, 0.18278825283050537, 0.17758014798164368, 0.1739044338464737, 0.1710035502910614, 0.16863489151000977, 0.1667748987674713, 0.16491207480430603], "min": [0.08470804, 0.07327911257743835, 0.08251636475324631, 0.07787942886352539, 0.08113773912191391, 0.07940400391817093, 0.08766840398311615, 0.0920429676771164, 0.09273259341716766], "max": [0.79436666, 0.8070796728134155, 0.8115459680557251, 0.8093922138214111, 0.8062374591827393, 0.8072001934051514, 0.8068767786026001, 0.806145191192627, 0.8036088943481445]}
{"model": "bge-small-en-v1.5", "add_num": 8, "threshold": 0.15961048007011414, "mean": [0.45350546578125006, 0.4598158597946167, 0.46302875876426697, 0.46505412459373474, 0.46636974811553955, 0.4675876498222351, 0.46849536895751953, 0.46921202540397644, 0.46981996297836304], "var": [0.03083517386507728, 0.028829077258706093, 0.027785059064626694, 0.02726219780743122, 0.026863962411880493, 0.02650543861091137, 0.02615729719400406, 0.025763265788555145, 0.025475503876805305], "std": [0.1755994700022676, 0.16979128122329712, 0.16668850183486938, 0.1651126891374588, 0.16390229761600494, 0.16280491650104523, 0.16173218190670013, 0.160509392619133, 0.15961048007011414], "min": [0.14501593, 0.1309836357831955, 0.13219086825847626, 0.1268121302127838, 0.12402791529893875, 0.13060598075389862, 0.136756032705307, 0.13659435510635376, 0.1410772055387497], "max": [0.78136986, 0.7935599088668823, 0.7974923253059387, 0.7984938621520996, 0.794201135635376, 0.7933893799781799, 0.7925673723220825, 0.7934611439704895, 0.7937905192375183]}
{"model": "bge-large-en-v1.5", "add_num": 8, "threshold": 0.16858142614364624, "mean": [0.4830308268888889, 0.4897647798061371, 0.4937293231487274, 0.49396970868110657, 0.49369943141937256, 0.49357476830482483, 0.4933443069458008, 0.4932245910167694, 0.49336233735084534], "var": [0.038462412292745725, 0.03610116243362427, 0.034030042588710785, 0.03235599398612976, 0.031046714633703232, 0.030108332633972168, 0.029462099075317383, 0.028852446004748344, 0.028419695794582367], "std": [0.19611836296671897, 0.19000305235385895, 0.18447233736515045, 0.17987771332263947, 0.1762007772922516, 0.17351752519607544, 0.17164526879787445, 0.1698600798845291, 0.16858142614364624], "min": [0.101872474, 0.09658592939376831, 0.10892178863286972, 0.11173726618289948, 0.11384381353855133, 0.111628457903862, 0.11373211443424225, 0.13214394450187683, 0.13516083359718323], "max": [0.9999999, 0.9985072016716003, 0.9972884058952332, 0.995086133480072, 0.9907608032226562, 0.9878286719322205, 0.986194372177124, 0.9855881929397583, 0.9835229516029358]}
{"model": "gte-base-en-v1.5", "add_num": 8, "threshold": 0.17615166306495667, "mean": [0.3222101284988636, 0.3157722055912018, 0.3171151876449585, 0.31857943534851074, 0.31939464807510376, 0.3199753165245056, 0.32034873962402344, 0.3206879496574402, 0.3208451569080353], "var": [0.0359944900604439, 0.03410535305738449, 0.0330127589404583, 0.03229168802499771, 0.03193644806742668, 0.031649306416511536, 0.03141942620277405, 0.031223682686686516, 0.031029408797621727], "std": [0.1897221390888367, 0.18467634916305542, 0.1816941350698471, 0.1796988844871521, 0.17870771884918213, 0.17790251970291138, 0.17725525796413422, 0.17670224606990814, 0.17615166306495667],